JUSTIN_VILLAGE_NAME,JID,VILLAGE_ALT_1,VILLAGE_ALT_2,VILLAGE_ALT_3,LGD_VILLAGE_CODE,SDC,SDN,DN,LGD_CODE,CENSUS_2011_CODE,CENSUS_2011_CODE2
Aglote,53,,,,626973,05931,Dharbandora,South Goa,626973,626973,0
Assodem,258,,,,626836,05613,Satari,North Goa,626836,626836,0
Adnem,488,,,,626948,05617,Quepem,South Goa,626948,626948,0
Cavorem,489,,,,626956,05617,Quepem,South Goa,626956,626956,0
Adsulim,131,,,,626906,05616,Salcete,South Goa,626906,626906,0
Advoi,274,,,,626825,05613,Satari,North Goa,626825,626825,0
Adwalpale,80,,,,626745,05612,Bicholim,North Goa,626745,626745,0
Durbhat,319,,,,626856,05614,Ponda,South Goa,626856,626856,0
Agarvado,338,,,,626657,05609,Pernem,North Goa,626657,626657,0
Azossim,257,,,,626719,05611,Tiswadi,North Goa,626719,626719,0
Aquem,71,Aquem (CT),,,626929,05616,Salcete,South Goa,626929,626929,0
Alorna,266,,,,626649,05609,Pernem,North Goa,626649,626649,0
Ambaulim,62,,,,626947,05617,Quepem,South Goa,626947,626947,0
Ambedem,356,,,,626803,05613,Satari,North Goa,626803,626803,0
Nagargao,355,,,,626804,05613,Satari,North Goa,626804,626804,0
Ambeli,252,,,,626839,05613,Satari,North Goa,626839,626839,0
Amone,298,,,,626758,05612,Bicholim,North Goa,626758,626758,0
Anjuna,335,Anjuna (CT),,,626694,05610,Bardez,North Goa,626694,626694,0
Anjunem,154,,,,626770,05613,Satari,North Goa,626770,626770,0
Antoriem,144,,,,626986,05618,Sanguem,South Goa,626986,626986,0
Arambol,110,Arambol (CT),,,626658,05609,Pernem,North Goa,626658,626658,0
Arossim,185,,,,626884,05615,Mormugao,South Goa,626884,626884,0
Arpora,105,,,,626673,05610,Bardez,North Goa,626673,626673,0
Assagao,157,,,,626672,05610,Bardez,North Goa,626672,626672,0
Assonora,409,,,,626668,05610,Bardez,North Goa,626668,626668,0
Moitem,408,,,,626667,05610,Bardez,North Goa,626667,626667,0
Assolda,132,,,,626934,05617,Quepem,South Goa,626934,626934,0
Assolna,115,,,,626919,05616,Salcete,South Goa,626919,626919,0
Aturli,165,,,,626754,05612,Bicholim,North Goa,626754,626754,0
Avedem,128,,,,626939,05617,Quepem,South Goa,626939,626939,0
Chicalim,56,Chicalim (CT),,,626885,05615,Mormugao,South Goa,626885,626885,0
Bainguinim,284,,,,626715,05611,Tiswadi,North Goa,626715,626715,0
Bali,500,,,,626949,05617,Quepem,South Goa,626949,626949,0
Cordem,493,,,,626958,05617,Quepem,South Goa,626958,626958,0
Tiloi,501,,,,626954,05617,Quepem,South Goa,626954,626954,0
Bambolim,255,Bambolim (CT),,,626733,05611,Tiswadi,North Goa,626733,626733,0
Cazur,219,,,,626967,05617,Quepem,South Goa,626967,626967,0
Benaulim,145,Benaulim (CT),,,626931,05616,Salcete,South Goa,626931,626931,0
Bandora,364,Bandora (CT),,,626869,05614,Ponda,South Goa,626869,626869,0
Curti,363,Curti (CT),,,626870,05614,Ponda,South Goa,626870,626870,0
Bandoli,76,,,,626984,05931,Dharbandora,South Goa,626984,626984,0
Codqui,279,Khadki,,,626823,05613,Satari,North Goa,626823,626823,0
Barcem,23,,,,626961,05617,Quepem,South Goa,626961,626961,0
Bati,58,,,,627006,05618,Sanguem,South Goa,627006,627006,0
Querim,107,,,,626785,05613,Satari,North Goa,626785,626785,0
Bendordem,34,,,,626955,05617,Quepem,South Goa,626955,626955,0
Betqui,275,,,,626844,05614,Ponda,South Goa,626844,626844,0
Betora,238,,,,626859,05614,Ponda,South Goa,626859,626859,0
Navelim,198,,,,626759,05612,Bicholim,North Goa,626759,626759,0
Maem,270,,,,626752,05612,Bicholim,North Goa,626752,626752,0
Birondem,96,,,,626830,05613,Satari,North Goa,626830,626830,0
Padeli,171,,,,626829,05613,Satari,North Goa,626829,626829,0
Buimpal,297,,,,626807,05613,Satari,North Goa,626807,626807,0
Boma,232,,,,626990,05618,Sanguem,South Goa,626990,626990,0
Bombedem,358,,,,626802,05613,Satari,North Goa,626802,626802,0
Cudcem,357,,,,626815,05613,Satari,North Goa,626815,626815,0
Betalbatim,75,,,,626895,05616,Salcete,South Goa,626895,626895,0
Chandel,267,,,,626648,05609,Pernem,North Goa,626648,626648,0
Choraundem,393,,,,626773,05613,Satari,North Goa,626773,626773,0
Ponsuli,392,,,,626772,05613,Satari,North Goa,626772,626772,0
Chaifi,127,,,,626940,05617,Quepem,South Goa,626940,626940,0
Chicolna,64,,,,626880,05615,Mormugao,South Goa,626880,626880,0
Chimbel,283,Chimbel (CT),,,626730,05611,Tiswadi,North Goa,626730,626730,0
Chinchinim,63,Chinchinim (CT),,,626933,05616,Salcete,South Goa,626933,626933,0
Calem,181,,,,626988,05618,Sanguem,South Goa,626988,626988,0
Cotigao,19,,,,627028,05619,Canacona,South Goa,627028,627028,0
Darbandora,407,,,,626971,05931,Dharbandora,South Goa,626971,626971,0
Piliem,406,,,,626970,05931,Dharbandora,South Goa,626970,626970,0
Tivim,339,,,,626670,05610,Bardez,North Goa,626670,626670,0
Davorlim,88,Davorlim (CT),,,626928,05616,Salcete,South Goa,626928,626928,0
Derodem,37,,,,626779,05613,Satari,North Goa,626779,626779,0
Agonda,217,,,,627023,05619,Canacona,South Goa,627023,627023,0
Deussua,479,,,,626918,05616,Salcete,South Goa,626918,626918,0
Sirlim,480,,,,626915,05616,Salcete,South Goa,626915,626915,0
Damocem,262,,,,626831,05613,Satari,North Goa,626831,626831,0
Dargalim,111,,,,626653,05609,Pernem,North Goa,626653,626653,0
Duncolim,178,,,,626900,05616,Salcete,South Goa,626900,626900,0
Bicholim,417,Bicholim (M Cl),,,252075,05612,Bicholim,North Goa,,803244,0
Vichundrem,220,,,,627016,05618,Sanguem,South Goa,627016,627016,0
Dicarpale,70,,,,626909,05616,Salcete,South Goa,626909,626909,0
Surla,197,,,,626761,05612,Bicholim,North Goa,626761,626761,0
Dongor,44,,,,627009,05618,Sanguem,South Goa,627009,627009,0
Davem,324,,,,626801,05613,Satari,North Goa,626801,626801,0
Dongurli,229,,,,626992,05618,Sanguem,South Goa,626992,626992,0
Dongurli,331,,,,626782,05613,Satari,North Goa,626782,626782,0
Dramapur,130,,,,626908,05616,Salcete,South Goa,626908,626908,0
Dudal,135,,,,626995,05618,Sanguem,South Goa,626995,626995,0
Dumacem,159,,,,626742,05612,Bicholim,North Goa,626742,626742,0
Telaulim,237,,,,626857,05614,Ponda,South Goa,626857,626857,0
Fatorpa,46,,,,626950,05617,Quepem,South Goa,626950,626950,0
Varca,224,Varca (CT),,,626932,05616,Salcete,South Goa,626932,626932,0
Zarani,345,,,,626799,05613,Satari,North Goa,626799,626799,0
Gandaulim,90,,,,626896,05616,Salcete,South Goa,626896,626896,0
Gancim,253,,,,626721,05611,Tiswadi,North Goa,626721,626721,0
Gonsua,77,,,,626894,05616,Salcete,South Goa,626894,626894,0
Gaodongrem,20,,,,627025,05619,Canacona,South Goa,627025,627025,0
Govanem,251,,,,626837,05613,Satari,North Goa,626837,626837,0
Gonteli,332,,,,626768,05613,Satari,North Goa,626768,626768,0
Chandor,474,,,,626911,05616,Salcete,South Goa,626911,626911,0
Guirdolim,475,,,,626903,05616,Salcete,South Goa,626903,626903,0
Calata,204,,,,626891,05616,Salcete,South Goa,626891,626891,0
Guirim,376,Guirim (CT),,,626693,05610,Bardez,North Goa,626693,626693,0
Canca,377,,,,626677,05610,Bardez,North Goa,626677,626677,0
Bastora,378,,,,626678,05610,Bardez,North Goa,626678,626678,0
Goa Velha,249,Goa Velha (CT),,,626734,05611,Tiswadi,North Goa,626734,626734,0
Golauli,176,,,,626776,05613,Satari,North Goa,626776,626776,0
Goalim Moula,263,,,,626717,05611,Tiswadi,North Goa,626717,626717,0
Gocoldem,27,,,,626962,05617,Quepem,South Goa,626962,626962,0
Goltim,304,,,,626710,05611,Tiswadi,North Goa,626710,626710,0
Velim,199,,,,626921,05616,Salcete,South Goa,626921,626921,0
Conquirem,397,,,,626841,05613,Satari,North Goa,626841,626841,0
Gangem,396,,,,626852,05614,Ponda,South Goa,626852,626852,0
Carapur,348,Carapur (CT),Karapur,,626763,05612,Bicholim,North Goa,626763,626763,0
Siolim,516,Siolim (CT),,,626690,05610,Bardez,North Goa,626690,626690,0
Guleli,260,,,,626828,05613,Satari,North Goa,626828,626828,0
Gululem,336,,,,626784,05613,Satari,North Goa,626784,626784,0
Adcolna,276,,,,626847,05614,Ponda,South Goa,626847,626847,0
Aldona,153,Aldona (CT),,,626704,05610,Bardez,North Goa,626704,626704,0
Codiem,399,,,,626812,05613,Satari,North Goa,626812,626812,0
Ansolem,398,,,,626814,05613,Satari,North Goa,626814,626814,0
Satorem,326,,,,626805,05613,Satari,North Goa,626805,626805,0
Odar,509,,,,626937,05617,Quepem,South Goa,626937,626937,0
Onda,315,Onda (CT),,,626842,05613,Satari,North Goa,626842,626842,0
Ibrampur,112,,,,626650,05609,Pernem,North Goa,626650,626650,0
Dabolim,209,,,,626874,05615,Mormugao,South Goa,626874,626874,0
Issorcim,207,,,,626879,05615,Mormugao,South Goa,626879,626879,0
Ivrem-Buzruco,9,,,,626774,05613,Satari,North Goa,626774,626774,0
Ivrem-Curdo,175,,,,626775,05613,Satari,North Goa,626775,626775,0
Zormen,395,,,,626788,05613,Satari,North Goa,626788,626788,0
Dabem,394,,,,626789,05613,Satari,North Goa,626789,626789,0
Jua,95,Jua (CT),,,626727,05611,Tiswadi,North Goa,626727,626727,0
Borim,156,Borim (CT),,,626872,05614,Ponda,South Goa,626872,626872,0
Cotombi,225,,,,626938,05617,Quepem,South Goa,626938,626938,0
Calangute,307,Calangute (CT),,,626695,05610,Bardez,North Goa,626695,626695,0
Nirancal,318,,,,626861,05614,Ponda,South Goa,626861,626861,0
Calvim,380,,,,626685,05610,Bardez,North Goa,626685,626685,0
Ponolem,379,,,,626684,05610,Bardez,North Goa,626684,626684,0
Camarconda,79,,,,626982,05931,Dharbandora,South Goa,626982,626982,0
Moissal,93,,,,626983,05931,Dharbandora,South Goa,626983,626983,0
Camurlim,182,,,,626890,05616,Salcete,South Goa,626890,626890,0
Cana,134,,,,626904,05616,Salcete,South Goa,626904,626904,0
Candolim,295,Candolim (CT),,,626697,05610,Bardez,North Goa,626697,626697,0
Comproi,141,,,,626998,05618,Sanguem,South Goa,626998,626998,0
Cansaulim,186,,,,626883,05615,Mormugao,South Goa,626883,626883,0
Chaudi,402,,,,924816,05619,Canacona,South Goa,924816,803254,0
Nagorcem - Palolem,403,Nagercem,Nagorcem,,924820,05619,Canacona,South Goa,924820,803254,0
Bordem,418,,,,924814,05612,Bicholim,North Goa,924814,803244,0
Deao,202,,,,924817,05617,Quepem,South Goa,924817,803251,0
Taleigao,172,Taleigao (OG),Taleigao (OG) (Part),,645598,05611,Tiswadi,North Goa,645598,8032430036,0
Sodiem,515,Sudiem,,,626690,05610,Bardez,North Goa,912999,626690,0
Harvalem,327,,,,917385,05612,Bicholim,North Goa,917385,803245,0
Carambolim-Brama,14,Carambolim- Brama,,,626793,05613,Satari,North Goa,626793,626793,0
Carambolim-Buzruco,287,Carambolim-Bozruco,,,626821,05613,Satari,North Goa,626821,626821,0
Caranzol,189,,,,626976,05931,Dharbandora,South Goa,626976,626976,0
Caranzol,150,,,,626820,05613,Satari,North Goa,626820,626820,0
Corla,24,,,,626966,05617,Quepem,South Goa,626966,626966,0
Carambolim,277,,,,626718,05611,Tiswadi,North Goa,626718,626718,0
Carmona,60,,,,626917,05616,Salcete,South Goa,626917,626917,0
Latambarcem,341,,,,626744,05612,Bicholim,North Goa,626744,626744,0
Cansarvornem,40,,,,626651,05609,Pernem,North Goa,626651,626651,0
Costi,85,,,,626996,05618,Sanguem,South Goa,626996,626996,0
Ambelim,463,,,,626922,05616,Salcete,South Goa,626922,626922,0
Cavelossim,462,,,,626920,05616,Salcete,South Goa,626920,626920,0
Cavorim,142,,,,626910,05616,Salcete,South Goa,626910,626910,0
Quelaudem,155,,,,626771,05613,Satari,North Goa,626771,626771,0
Quelossim,212,,,,626876,05615,Mormugao,South Goa,626876,626876,0
Querim,281,,,,626850,05614,Ponda,South Goa,626850,626850,0
Vagurbem,254,,,,626851,05614,Ponda,South Goa,626851,626851,0
Candepar,243,,,,626853,05614,Ponda,South Goa,626853,626853,0
Candola,302,Candola (CT),,,626865,05614,Ponda,South Goa,626865,626865,0
Quedem,68,,,,626960,05617,Quepem,South Goa,626960,626960,0
Corjuem,334,,,,626683,05610,Bardez,North Goa,626683,626683,0
Cotorem,265,,,,626832,05613,Satari,North Goa,626832,626832,0
Quisconda,26,,,,626963,05617,Quepem,South Goa,626963,626963,0
Morpila,497,,,,626953,05617,Quepem,South Goa,626953,626953,0
Quitol,496,,,,626951,05617,Quepem,South Goa,626951,626951,0
Codal,333,,,,626780,05613,Satari,North Goa,626780,626780,0
Codvol,151,,,,626818,05613,Satari,North Goa,626818,626818,0
Codar,239,,,,626860,05614,Ponda,South Goa,626860,626860,0
Codli,187,,,,626981,05931,Dharbandora,South Goa,626981,626981,0
Cola,67,,,,627022,05619,Canacona,South Goa,627022,627022,0
Colomba,47,,,,627013,05617,Quepem,South Goa,627013,627013,0
Colem,188,,,,626977,05931,Dharbandora,South Goa,626977,626977,0
Colvale,385,Colvale (CT),,,626691,05610,Bardez,North Goa,626691,626691,0
Revora,386,,,,626664,05610,Bardez,North Goa,626664,626664,0
Colva,91,,,,626897,05616,Salcete,South Goa,626897,626897,0
Conxem,234,,,,626862,05614,Ponda,South Goa,626862,626862,0
Edorem,353,,,,626791,05613,Satari,North Goa,626791,626791,0
Compordem,354,,,,626790,05613,Satari,North Goa,626790,626790,0
Coranginim,87,,,,626997,05618,Sanguem,South Goa,626997,626997,0
Corgao,43,,,,626638,05609,Pernem,North Goa,626638,626638,0
Corlim,286,Corlim (CT),,,626729,05611,Tiswadi,North Goa,626729,626729,0
Cortalim,66,Cortalim (CT),,,626887,05615,Mormugao,South Goa,626887,626887,0
Cotombi,280,,,,626760,05612,Bicholim,North Goa,626760,626760,0
Cotarli,121,,,,627000,05618,Sanguem,South Goa,627000,627000,0
Curchorem Cacora,511,Curchorem Cacora (M Cl),Curchorem-Cacora (M Cl),Curchorem-Cacora,252096,05617,Quepem,South Goa,,803252,0
Curchirem,350,,,,626750,05612,Bicholim,North Goa,626750,626750,0
Cudnem,148,,,,626757,05612,Bicholim,North Goa,626757,626757,0
Cumarconda,272,,,,626808,05613,Satari,North Goa,626808,626808,0
Cumbari,52,,,,627007,05618,Sanguem,South Goa,627007,627007,0
Cumbarjua,300,Cumbarjua (CT),,,626728,05611,Tiswadi,North Goa,626728,626728,0
Cundaim,366,,,,626855,05614,Ponda,South Goa,626855,626855,0
Boma,365,,,,626848,05614,Ponda,South Goa,626848,626848,0
Cuncoliem,261,,,,626849,05614,Ponda,South Goa,626849,626849,0
Curdi,200,<Null>,,,627012,05618,Sanguem,South Goa,627012,627012,0
Curca,259,,,,626723,05611,Tiswadi,North Goa,626723,626723,0
Curpem,35,,,,627015,05618,Sanguem,South Goa,627015,627015,0
Loliem,17,,,,627027,05619,Canacona,South Goa,627027,627027,0
Verna,190,Verna (CT),,,626923,05616,Salcete,South Goa,626923,626923,0
Ambarim,440,,,,626705,05611,Tiswadi,North Goa,626705,626705,0
Caraim,445,,,,626707,05611,Tiswadi,North Goa,626707,626707,0
Chorao,446,,,,626706,05611,Tiswadi,North Goa,626706,626706,0
Margao,94,Margao (M Cl),,,252087,05616,Salcete,South Goa,,803249,0
Marcaim,241,Marcaim (CT),,,626867,05614,Ponda,South Goa,626867,626867,0
Majorda,179,,,,626892,05616,Salcete,South Goa,626892,626892,0
Macasana,92,,,,626902,05616,Salcete,South Goa,626902,626902,0
Malar,388,,,,626711,05611,Tiswadi,North Goa,626711,626711,0
Maulinguem,72,,,,626994,05618,Sanguem,South Goa,626994,626994,0
Molcopona,51,,,,626945,05617,Quepem,South Goa,626945,626945,0
Molcarnem,116,,,,626946,05617,Quepem,South Goa,626946,626946,0
Canacona,421,,,,627024,05619,Canacona,South Goa,627024,627024,0
Maloli,309,,,,626796,05613,Satari,North Goa,626796,626796,0
Malpona,245,,,,626838,05613,Satari,North Goa,626838,626838,0
Mandrem,162,Mandrem (CT),,,626659,05609,Pernem,North Goa,626659,626659,0
Mangal,22,,,,626968,05617,Quepem,South Goa,626968,626968,0
Mandur,250,,,,626720,05611,Tiswadi,North Goa,626720,626720,0
Mapusa,7,Mapusa (M Cl),,,803242,05610,Bardez,North Goa,803242,803242,0
Marra,303,,,,626689,05610,Bardez,North Goa,626689,626689,0
Valpoi,401,Valpoy,Valpoi (M Cl),,803246,05613,Satari,North Goa,803246,803246,0
Pale,320,Pale (CT),,,626764,05612,Bicholim,North Goa,626764,626764,0
Mauzi,149,Mausi,,,626806,05613,Satari,North Goa,626806,626806,0
Maulinguem North,351,,,,626749,05612,Bicholim,North Goa,626749,626749,0
Maina,33,,,,626957,05617,Quepem,South Goa,626957,626957,0
Melauli,256,,,,626840,05613,Satari,North Goa,626840,626840,0
Mencurem,108,,,,626741,05612,Bicholim,North Goa,626741,626741,0
Mercurim,240,Mercurim (CT),,,626735,05611,Tiswadi,North Goa,626735,626735,0
Moira,36,Moira (CT),,,626692,05610,Bardez,North Goa,626692,626692,0
Molem,65,,,,626975,05931,Dharbandora,South Goa,626975,626975,0
Mopa,342,,,,626647,05609,Pernem,North Goa,626647,626647,0
Morgim,375,Morjim,Morjim (CT),,626661,05609,Pernem,North Goa,626661,626661,0
Chopdem,374,,,,626656,05609,Pernem,North Goa,626656,626656,0
Morlem,330,,,,626786,05613,Satari,North Goa,626786,626786,0
Muguli,140,,,,626999,05618,Sanguem,South Goa,626999,626999,0
Mulem,129,,,,626913,05616,Salcete,South Goa,626913,626913,0
Mulgao,411,,,,626747,05612,Bicholim,North Goa,626747,626747,0
Sirigao,389,,,,626746,05612,Bicholim,North Goa,626746,626746,0
Seraulim,231,,,,626899,05616,Salcete,South Goa,626899,626899,0
Nachinola,3,,,,626682,05610,Bardez,North Goa,626682,626682,0
Nagoa,12,,,,626674,05610,Bardez,North Goa,626674,626674,0
Nagoa,193,,,,626888,05616,Salcete,South Goa,626888,626888,0
Nagvem,61,,,,626942,05617,Quepem,South Goa,626942,626942,0
Naiquinim,45,,,,627010,05618,Sanguem,South Goa,627010,627010,0
Naquerim,32,,,,626952,05617,Quepem,South Goa,626952,626952,0
Naneli,310,,,,626792,05613,Satari,North Goa,626792,626792,0
Nanorem,306,,,,626797,05613,Satari,North Goa,626797,626797,0
Naroa,167,,,,626712,05612,Bicholim,North Goa,626712,626755,0
Navelim,86,Navelim (CT),,,626930,05616,Salcete,South Goa,626930,626930,0
Navelim,273,,,,626709,05611,Tiswadi,North Goa,626709,626709,0
Nadora,82,,,,626665,05610,Bardez,North Goa,626665,626665,0
Nerul,384,Nerul (CT),,,626698,05610,Bardez,North Goa,626698,626698,0
Reis Magos,383,Reis Magos (CT),,,626699,05610,Bardez,North Goa,626699,626699,0
Netorli,29,,,,627018,05618,Sanguem,South Goa,627018,627018,0
Neura-O-Grande,246,,,,626726,05611,Tiswadi,North Goa,626726,626726,0
Neura-O-Pequeno,244,,,,626725,05611,Tiswadi,North Goa,626725,626725,0
Nundem,21,,,,627019,05618,Sanguem,South Goa,627019,627019,0
Nuvem,180,Nuvem (CT),,,626924,05616,Salcete,South Goa,626924,626924,0
Camurlim,340,,,,626663,05610,Bardez,North Goa,626663,626663,0
Ona,173,,,,626748,05612,Bicholim,North Goa,626748,626748,0
Oxel,344,,,,626662,05610,Bardez,North Goa,626662,626662,0
Sonus-Vonvoliem,291,,,,626810,05613,Satari,North Goa,626810,626810,0
Oxel,230,,,,626991,05618,Sanguem,South Goa,626991,626991,0
Ponchavadi,233,,,,626864,05614,Ponda,South Goa,626864,626864,0
Padi,28,,,,626959,05617,Quepem,South Goa,626959,626959,0
Pale,194,,,,626878,05615,Mormugao,South Goa,626878,626878,0
Pale,4,,,,626783,05613,Satari,North Goa,626783,626783,0
Paliem,39,,,,626637,05609,Pernem,North Goa,626637,626637,0
Paliem,329,,,,626679,05610,Bardez,North Goa,626679,626679,0
Panaji,288,Panaji (M Cl+OG),Panjim,Ponnje,252071,05611,Tiswadi,North Goa,,803243,0
Ponocem,100,,,,626826,05613,Satari,North Goa,626826,626826,0
Poroscodem,373,,,,626640,05609,Pernem,North Goa,626640,626640,0
Casnem,372,,,,626641,05609,Pernem,North Goa,626641,626641,0
Amberem,371,,,,626643,05609,Pernem,North Goa,626643,626643,0
Poriem,5,,,,626766,05613,Satari,North Goa,626766,626766,0
Paroda,122,,,,626912,05616,Salcete,South Goa,626912,626912,0
Parra,316,,,,626675,05610,Bardez,North Goa,626675,626675,0
Verla,349,,,,626676,05610,Bardez,North Goa,626676,626676,0
Parcem,160,Parcem (CT),,,626660,05609,Pernem,North Goa,626660,626660,0
Patiem,139,,,,626993,05618,Sanguem,South Goa,626993,626993,0
Penha-de-Franca,293,Penha-de-Franca (CT),,,626701,05610,Bardez,North Goa,626701,626701,0
Cacora,512,,,,924815,05617,Quepem,South Goa,924815,803252,0
Cujira,169,Cujira (OG),,,626740,05611,Tiswadi,North Goa,626740,8032430035,0
Cusmane,222,,,,910340,05617,Quepem,South Goa,910340,803251,0
Naroa,387,,,,924822,05611,Tiswadi,North Goa,924822,626712,0
Anjadip,420,Anjadiv,Ilha de Angediva,Anjediva,627029,05619,Canacona,South Goa,627029,627029,0
Massordem,400,Valpoy,,,924819,05613,Satari,North Goa,924819,803246,0
Murda,359,Murda (CT),Merces,,626731,05611,Tiswadi,North Goa,626731,626731,0
Morambi-O-Grande,362,Morambi-O-Grande (Merces),Morambi-O-Grande (Merces) (OG),,626737,05611,Tiswadi,North Goa,626737,8032430032,0
Morambi-O-Pequeno,361,Morambi-O-Pequeno (Merces) (OG),Morambi-O-Pequeno (Merces),,626739,05611,Tiswadi,North Goa,626739,8032430034,0
Renovadi,360,Renovadi (OG),,,626738,05611,Tiswadi,North Goa,626738,8032430033,0
Lamgao,410,,,,924818,05612,Bicholim,North Goa,924818,803244,0
Nanus,196,,,,924821,05613,Satari,North Goa,924821,803246,0
Panelim,278,Panelim (OG),,,626736,05611,Tiswadi,North Goa,626736,8032430031,0
Pendral,323,,,,626819,05613,Satari,North Goa,626819,626819,0
Pernem,42,Pedne,,,252057,05609,Pernem,North Goa,,626639,"803,241"
Pilerne,296,Pilerne (CT),,,626700,05610,Bardez,North Goa,626700,626700,0
Piligao,11,,,,626756,05612,Bicholim,North Goa,626756,626756,0
Pirla,31,,,,626964,05617,Quepem,South Goa,626964,626964,0
Pirna,158,,,,626666,05610,Bardez,North Goa,626666,626666,0
Pissurlem,294,,,,626809,05613,Satari,North Goa,626809,626809,0
Podocem,104,,,,626765,05613,Satari,North Goa,626765,626765,0
Poinguinim,18,,,,627026,05619,Canacona,South Goa,627026,627026,0
Pomburpa,308,,,,626687,05610,Bardez,North Goa,626687,626687,0
Savoi-Verem,313,,,,626846,05614,Ponda,South Goa,626846,626846,0
Ponda,369,Ponda (M Cl),,,252082,05614,Ponda,South Goa,,803247,0
Quela,370,Quela (CT),,,626871,05614,Ponda,South Goa,626871,626871,0
Porteem,1,,,,627011,05618,Sanguem,South Goa,627011,627011,0
Socorro (Serula),346,Socorro (Serula) (CT),Socorro,Socorro (CT),626703,05610,Bardez,North Goa,626703,626703,0
Potrem,123,,,,627005,05618,Sanguem,South Goa,627005,627005,0
Priol,248,Priol (CT),,,626868,05614,Ponda,South Goa,626868,626868,0
Querim,38,,,,626636,05609,Pernem,North Goa,626636,626636,0
Loutulim,206,,,,626889,05616,Salcete,South Goa,626889,626889,0
Ravona,337,,,,626767,05613,Satari,North Goa,626767,626767,0
Rivona,101,,,,627014,05617,Quepem,South Goa,627014,627014,0
Rivem,6,,,,626781,05613,Satari,North Goa,626781,626781,0
Rumbrem,146,,,,626985,05618,Sanguem,South Goa,626985,626985,0
Sancordem,55,,,,626972,05931,Dharbandora,South Goa,626972,626972,0
Salem,163,,,,626743,05612,Bicholim,North Goa,626743,626743,0
Salauli,201,,,,627002,05618,Sanguem,South Goa,627002,627002,0
Saligao,168,Saligao (CT),,,626696,05610,Bardez,North Goa,626696,626696,0
Saleli,15,,,,626787,05613,Satari,North Goa,626787,626787,0
Xelopo-Buzruco,103,,,,626794,05613,Satari,North Goa,626794,626794,0
Salvador do Mundo,152,Salvador do Mundo (CT),,,626702,05610,Bardez,North Goa,626702,626702,0
Sanquelim,166,Sanquelim (M Cl),,,252077,05612,Bicholim,North Goa,,803245,0
Sangod,192,,,,626979,05931,Dharbandora,South Goa,626979,626979,0
Sangolda,299,,,,626688,05610,Bardez,North Goa,626688,626688,0
Sanguem,214,Sanguem (M Cl),,,252099,05618,Sanguem,South Goa,,803253,0
Sancoale,435,Sancoale (CT),,,626886,05615,Mormugao,South Goa,626886,626886,0
Sao Jacinto Island,436,,,,626875,05615,Mormugao,South Goa,626875,626875,0
Raia,205,Raia (CT),,,626925,05616,Salcete,South Goa,626925,626925,0
Calapor,314,Calapor (CT),Santa Cruz,,626732,05611,Tiswadi,North Goa,626732,626732,0
Santona,404,,,,626987,05618,Sanguem,South Goa,626987,626987,0
Cormonem,405,,,,626980,05618,Sanguem,South Goa,626980,626980,0
Sanvordem,301,,,,626816,05613,Satari,North Goa,626816,626816,0
Sanvordem,211,Sanvordem (CT),,,627021,05618,Sanguem,South Goa,627021,627021,0
Sanvorcem,282,,,,626824,05613,Satari,North Goa,626824,626824,0
Sao Jose de Areal,74,Sao Jose de Areal (CT),Sao Jose-de-Areal (CT),Sao Jose-de-Areal,626927,05616,Salcete,South Goa,626927,626927,0
Sarvona,106,,,,626751,05612,Bicholim,North Goa,626751,626751,0
Sarzora,126,,,,626914,05616,Salcete,South Goa,626914,626914,0
Satrem,177,,,,626778,05613,Satari,North Goa,626778,626778,0
Sernabatim,143,,,,626905,05616,Salcete,South Goa,626905,626905,0
Xeldem,138,Xeldem (CT),,,626969,05617,Quepem,South Goa,626969,626969,0
Xelpem,59,,,,627001,05618,Sanguem,South Goa,627001,627001,0
Xelopo-Curdo,391,,,,626833,05613,Satari,North Goa,626833,626833,0
Siranguli,390,,,,626834,05613,Satari,North Goa,626834,626834,0
Curtorim,484,Curtorim (CT),,,626926,05616,Salcete,South Goa,626926,626926,0
Rachol,485,,,,626901,05616,Salcete,South Goa,626901,626901,0
Sigao,184,,,,626978,05931,Dharbandora,South Goa,626978,626978,0
Xelvona,504,,,,626936,05617,Quepem,South Goa,626936,626936,0
Xic-Xelvona,505,,,,626935,05617,Quepem,South Goa,626935,626935,0
Siroda,235,,,,626863,05614,Ponda,South Goa,626863,626863,0
Siroli,174,,,,626769,05613,Satari,North Goa,626769,626769,0
Sirvoi,119,,,,626941,05617,Quepem,South Goa,626941,626941,0
Marna,311,,,,626671,05610,Bardez,North Goa,626671,626671,0
Sigonem,69,,,,627017,05618,Sanguem,South Goa,627017,627017,0
Sigonem,10,,,,626795,05613,Satari,North Goa,626795,626795,0
Siridao,247,,,,626724,05611,Tiswadi,North Goa,626724,626724,0
Sircaim,8,,,,626669,05610,Bardez,North Goa,626669,626669,0
Sirsodem,264,,,,626835,05613,Satari,North Goa,626835,626835,0
Sonal,305,,,,626817,05613,Satari,North Goa,626817,626817,0
Sonauli,78,,,,626989,05931,Dharbandora,South Goa,626989,626989,0
Sulcorna,30,,,,626965,05617,Quepem,South Goa,626965,626965,0
Surla,54,,,,626974,05931,Dharbandora,South Goa,626974,626974,0
Surla,81,,,,626777,05613,Satari,North Goa,626777,626777,0
Batim,450,,,,626722,05611,Tiswadi,North Goa,626722,626722,0
Talaulim,449,,,,626716,05611,Tiswadi,North Goa,626716,626716,0
Talaulim,137,,,,626907,05616,Salcete,South Goa,626907,626907,0
Tamboxem,269,,,,626645,05609,Pernem,North Goa,626645,626645,0
Tiracol,41,,,,626635,05609,Pernem,North Goa,626635,626635,0
Tivrem,368,,,,626843,05614,Ponda,South Goa,626843,626843,0
Orgao,367,Orgao (CT),,,626866,05614,Ponda,South Goa,626866,626866,0
Tudou,125,,,,627004,05618,Sanguem,South Goa,627004,627004,0
Torxem,343,,,,626646,05609,Pernem,North Goa,626646,626646,0
Tuem,161,,,,626655,05609,Pernem,North Goa,626655,626655,0
Undorna,114,,,,626944,05617,Quepem,South Goa,626944,626944,0
Uguem,136,,,,627003,05618,Sanguem,South Goa,627003,627003,0
Uguem,268,,,,626644,05609,Pernem,North Goa,626644,626644,0
Ucassaim,382,,,,626681,05610,Bardez,North Goa,626681,626681,0
Punola,381,,,,626680,05610,Bardez,North Goa,626680,626680,0
Usgao,312,Usgao (CT),,,626873,05614,Ponda,South Goa,626873,626873,0
Ustem,164,,,,626800,05613,Satari,North Goa,626800,626800,0
Utorda,183,,,,626893,05616,Salcete,South Goa,626893,626893,0
Ozorim,352,,,,626652,05609,Pernem,North Goa,626652,626652,0
Naguem,292,,,,626813,05613,Satari,North Goa,626813,626813,0
Volvoi,99,,,,626845,05614,Ponda,South Goa,626845,626845,0
Vanelim,147,,,,626898,05616,Salcete,South Goa,626898,626898,0
Capao,322,,,,626708,05611,Tiswadi,North Goa,626708,626708,0
Vantem,98,,,,626827,05613,Satari,North Goa,626827,626827,0
Varconda,113,,,,626642,05609,Pernem,North Goa,626642,626642,0
Mormugao,428,Mormugao (M Cl),,,252084,05615,Mormugao,South Goa,,803248,0
Sao Jorge Island,425,,,,626881,05615,Mormugao,South Goa,626881,626881,0
Vainguinim,102,,,,626798,05613,Satari,North Goa,626798,626798,0
Vainguinim,13,,,,626753,05612,Bicholim,North Goa,626753,626753,0
Ella,456,,,,626714,05611,Tiswadi,North Goa,626714,626714,0
Gandaulim,455,,,,626713,05611,Tiswadi,North Goa,626713,626713,0
Velguem,285,,,,626762,05612,Bicholim,North Goa,626762,626762,0
Velguem,16,,,,626822,05613,Satari,North Goa,626822,626822,0
Velinga,242,,,,626854,05614,Ponda,South Goa,626854,626854,0
Cuelim,433,,,,626877,05615,Mormugao,South Goa,626877,626877,0
Velsao,432,,,,626882,05615,Mormugao,South Goa,626882,626882,0
Verlem,25,,,,627020,05618,Sanguem,South Goa,627020,627020,0
Cuncolim,470,Cuncolim (M Cl),,,926704,05616,Salcete,South Goa,926704,803250,0
Viliena,48,,,,627008,05618,Sanguem,South Goa,627008,627008,0
Olaulim,271,,,,626686,05610,Bardez,North Goa,626686,626686,0
Vadi,236,,,,626858,05614,Ponda,South Goa,626858,626858,0
Vaguriem,289,,,,626811,05613,Satari,North Goa,626811,626811,0
Zanodem,118,,,,626943,05617,Quepem,South Goa,626943,626943,0
Quepem,120,Quepem (M Cl),,,252097,05617,Quepem,South Goa,,803251,0
Orlim,210,,,,626916,05616,Salcete,South Goa,626916,626916,0
Virnora,109,,,,626654,05609,Pernem,North Goa,626654,626654,0
Talvorda,221,,,,924823,05616,Salcete,South Goa,924823,803250,0
Durgawadi,170,Durgawadi (OG) (Part),Durgawadi (OG),,645599,05611,Tiswadi,North Goa,645599,8032430037,0
Velus,347,,,,924825,05613,Satari,North Goa,924825,803246,0
Varoda,469,,,,924824,05616,Salcete,South Goa,924824,803250,0
Virdi,325,,,,924826,05612,Bicholim,North Goa,924826,803245,0
Amona,223,,,,910339,05617,Quepem,South Goa,910339,803251,0